JGI_filename,Filename,Treatment,Day,Replicate,JGI_genome_portal,Dataset,order,variable
pH6ome_63_FD.fastq.gz,pH6_1_A_mt.fastq.gz,pH6,1,A,3300046639,Metatranscriptomic,1,pH6_1_A_mt
pH6ome_64_FD.fastq.gz,pH6_1_B_mt.fastq.gz,pH6,1,B,3300046682,Metatranscriptomic,2,pH6_1_B_mt
pH6ome_65_FD.fastq.gz,pH6_1_C_mt.fastq.gz,pH6,1,C,3300046540,Metatranscriptomic,3,pH6_1_C_mt
pH6ome_66_FD.fastq.gz,pH6_1_D_mt.fastq.gz,pH6,1,D,3300046640,Metatranscriptomic,4,pH6_1_D_mt
pH6ome_73_FD.fastq.gz,pH6_1_E_mt.fastq.gz,pH6,1,E,3300046644,Metatranscriptomic,5,pH6_1_E_mt
pH6ome_74_FD.fastq.gz,pH6_1_F_mt.fastq.gz,pH6,1,F,3300047613,Metatranscriptomic,6,pH6_1_F_mt
MESome_70_FD.fastq.gz,MES_1_C_mt.fastq.gz,MES,1,C,3300046649,Metatranscriptomic,7,MES_1_C_mt
MESome_71_FD.fastq.gz,MES_1_E_mt.fastq.gz,MES,1,E,3300046541,Metatranscriptomic,8,MES_1_E_mt
G05ome_68_FD.fastq.gz,G05_1_A_mt.fastq.gz,G05,1,A,3300046650,Metatranscriptomic,9,G05_1_A_mt
G05ome_69_FD.fastq.gz,G05_1_B_mt.fastq.gz,G05,1,B,3300046553,Metatranscriptomic,10,G05_1_B_mt
G05ome_70_FD.fastq.gz,G05_1_C_mt.fastq.gz,G05,1,C,3300046544,Metatranscriptomic,11,G05_1_C_mt
G05ome_71_FD.fastq.gz,G05_1_D_mt.fastq.gz,G05,1,D,3300048600,Metatranscriptomic,12,G05_1_D_mt
G05ome_72_FD.fastq.gz,G05_1_E_mt.fastq.gz,G05,1,E,3300048601,Metatranscriptomic,13,G05_1_E_mt
G05ome_73_FD.fastq.gz,G05_1_F_mt.fastq.gz,G05,1,F,3300048602,Metatranscriptomic,14,G05_1_F_mt
G10ome_76_FD.fastq.gz,G10_1_A_mt.fastq.gz,G10,1,A,3300048603,Metatranscriptomic,15,G10_1_A_mt
G10ome_77_FD.fastq.gz,G10_1_B_mt.fastq.gz,G10,1,B,3300048604,Metatranscriptomic,16,G10_1_B_mt
G10ome_78_FD.fastq.gz,G10_1_C_mt.fastq.gz,G10,1,C,3300048605,Metatranscriptomic,17,G10_1_C_mt
G10ome_79_FD.fastq.gz,G10_1_D_mt.fastq.gz,G10,1,D,3300046545,Metatranscriptomic,18,G10_1_D_mt
G10ome_80_FD.fastq.gz,G10_1_E_mt.fastq.gz,G10,1,E,3300046546,Metatranscriptomic,19,G10_1_E_mt
G10ome_81_FD.fastq.gz,G10_1_F_mt.fastq.gz,G10,1,F,3300046651,Metatranscriptomic,20,G10_1_F_mt
pH8ome_73_FD.fastq.gz,pH8_1_B_mt.fastq.gz,pH8,1,B,3300046547,Metatranscriptomic,21,pH8_1_B_mt
pH8ome_74_FD.fastq.gz,pH8_1_C_mt.fastq.gz,pH8,1,C,3300046548,Metatranscriptomic,22,pH8_1_C_mt
pH8ome_75_FD.fastq.gz,pH8_1_D_mt.fastq.gz,pH8,1,D,3300046549,Metatranscriptomic,23,pH8_1_D_mt
pH8ome_76_FD.fastq.gz,pH8_1_E_mt.fastq.gz,pH8,1,E,3300046550,Metatranscriptomic,24,pH8_1_E_mt
pH8ome_77_FD.fastq.gz,pH8_1_F_mt.fastq.gz,pH8,1,F,3300046551,Metatranscriptomic,25,pH8_1_F_mt
pH1ome_68_FD.fastq.gz,pH10_1_A_mt.fastq.gz,pH10,1,A,3300046202,Metatranscriptomic,26,pH10_1_A_mt
pH1ome_69_FD.fastq.gz,pH10_1_C_mt.fastq.gz,pH10,1,C,3300046203,Metatranscriptomic,27,pH10_1_C_mt
pH1ome_70_FD.fastq.gz,pH10_1_D_mt.fastq.gz,pH10,1,D,3300046204,Metatranscriptomic,28,pH10_1_D_mt
pH1ome_71_FD.fastq.gz,pH10_1_E_mt.fastq.gz,pH10,1,E,3300046205,Metatranscriptomic,29,pH10_1_E_mt
pH1ome_72_FD.fastq.gz,pH10_1_F_mt.fastq.gz,pH10,1,F,3300046206,Metatranscriptomic,30,pH10_1_F_mt
pH6ome_77_FD.fastq.gz,pH6_2_A_mt.fastq.gz,pH6,2,A,3300046207,Metatranscriptomic,31,pH6_2_A_mt
pH6ome_78_FD.fastq.gz,pH6_2_B_mt.fastq.gz,pH6,2,B,3300046208,Metatranscriptomic,32,pH6_2_B_mt
pH6ome_79_FD.fastq.gz,pH6_2_C_mt.fastq.gz,pH6,2,C,3300046209,Metatranscriptomic,33,pH6_2_C_mt
pH6ome_80_FD.fastq.gz,pH6_2_D_mt.fastq.gz,pH6,2,D,3300046210,Metatranscriptomic,34,pH6_2_D_mt
pH6ome_75_FD.fastq.gz,pH6_2_E_mt.fastq.gz,pH6,2,E,3300046211,Metatranscriptomic,35,pH6_2_E_mt
pH6ome_76_FD.fastq.gz,pH6_2_F_mt.fastq.gz,pH6,2,F,3300046212,Metatranscriptomic,36,pH6_2_F_mt
MESome_72_FD.fastq.gz,MES_2_A_mt.fastq.gz,MES,2,A,3300046213,Metatranscriptomic,37,MES_2_A_mt
MESome_73_FD.fastq.gz,MES_2_B_mt.fastq.gz,MES,2,B,3300046214,Metatranscriptomic,38,MES_2_B_mt
MESome_74_FD.fastq.gz,MES_2_C_mt.fastq.gz,MES,2,C,3300046174,Metatranscriptomic,39,MES_2_C_mt
MESome_75_FD.fastq.gz,MES_2_D_mt.fastq.gz,MES,2,D,3300046175,Metatranscriptomic,40,MES_2_D_mt
MESome_76_FD.fastq.gz,MES_2_E_mt.fastq.gz,MES,2,E,3300046176,Metatranscriptomic,41,MES_2_E_mt
MESome_77_FD.fastq.gz,MES_2_F_mt.fastq.gz,MES,2,F,3300046239,Metatranscriptomic,42,MES_2_F_mt
G05ome_74_FD.fastq.gz,G05_2_A_mt.fastq.gz,G05,2,A,3300046240,Metatranscriptomic,43,G05_2_A_mt
G05ome_75_FD.fastq.gz,G05_2_B_mt.fastq.gz,G05,2,B,3300046241,Metatranscriptomic,44,G05_2_B_mt
G05ome_58_FD.fastq.gz,G05_2_C_mt.fastq.gz,G05,2,C,3300046242,Metatranscriptomic,45,G05_2_C_mt
G05ome_59_FD.fastq.gz,G05_2_D_mt.fastq.gz,G05,2,D,3300046243,Metatranscriptomic,46,G05_2_D_mt
G05ome_60_FD.fastq.gz,G05_2_E_mt.fastq.gz,G05,2,E,3300046244,Metatranscriptomic,47,G05_2_E_mt
G05ome_61_FD.fastq.gz,G05_2_F_mt.fastq.gz,G05,2,F,3300046245,Metatranscriptomic,48,G05_2_F_mt
G10ome_69_FD.fastq.gz,G10_2_A_mt.fastq.gz,G10,2,A,3300046246,Metatranscriptomic,49,G10_2_A_mt
G10ome_70_FD.fastq.gz,G10_2_B_mt.fastq.gz,G10,2,B,3300046247,Metatranscriptomic,50,G10_2_B_mt
G10ome_71_FD.fastq.gz,G10_2_C_mt.fastq.gz,G10,2,C,3300046248,Metatranscriptomic,51,G10_2_C_mt
G10ome_72_FD.fastq.gz,G10_2_D_mt.fastq.gz,G10,2,D,3300046249,Metatranscriptomic,52,G10_2_D_mt
G10ome_73_FD.fastq.gz,G10_2_E_mt.fastq.gz,G10,2,E,3300046250,Metatranscriptomic,53,G10_2_E_mt
G10ome_74_FD.fastq.gz,G10_2_F_mt.fastq.gz,G10,2,F,3300046251,Metatranscriptomic,54,G10_2_F_mt
pH8ome_67_FD.fastq.gz,pH8_2_A_mt.fastq.gz,pH8,2,A,3300046252,Metatranscriptomic,55,pH8_2_A_mt
pH8ome_68_FD.fastq.gz,pH8_2_B_mt.fastq.gz,pH8,2,B,3300046253,Metatranscriptomic,56,pH8_2_B_mt
pH8ome_69_FD.fastq.gz,pH8_2_C_mt.fastq.gz,pH8,2,C,3300046254,Metatranscriptomic,57,pH8_2_C_mt
pH8ome_70_FD.fastq.gz,pH8_2_D_mt.fastq.gz,pH8,2,D,3300046255,Metatranscriptomic,58,pH8_2_D_mt
pH8ome_71_FD.fastq.gz,pH8_2_E_mt.fastq.gz,pH8,2,E,3300046256,Metatranscriptomic,59,pH8_2_E_mt
pH8ome_72_FD.fastq.gz,pH8_2_F_mt.fastq.gz,pH8,2,F,3300046257,Metatranscriptomic,60,pH8_2_F_mt
pH1ome_62_FD.fastq.gz,pH10_2_A_mt.fastq.gz,pH10,2,A,3300046258,Metatranscriptomic,61,pH10_2_A_mt
pH1ome_63_FD.fastq.gz,pH10_2_B_mt.fastq.gz,pH10,2,B,3300046326,Metatranscriptomic,62,pH10_2_B_mt
pH1ome_64_FD.fastq.gz,pH10_2_C_mt.fastq.gz,pH10,2,C,3300046259,Metatranscriptomic,63,pH10_2_C_mt
pH1ome_65_FD.fastq.gz,pH10_2_D_mt.fastq.gz,pH10,2,D,3300046260,Metatranscriptomic,64,pH10_2_D_mt
pH1ome_66_FD.fastq.gz,pH10_2_E_mt.fastq.gz,pH10,2,E,3300046261,Metatranscriptomic,65,pH10_2_E_mt
pH1ome_67_FD.fastq.gz,pH10_2_F_mt.fastq.gz,pH10,2,F,3300046177,Metatranscriptomic,66,pH10_2_F_mt
pH6ome_67_FD.fastq.gz,pH6_3_A_mt.fastq.gz,pH6,3,A,3300046178,Metatranscriptomic,67,pH6_3_A_mt
pH6ome_68_FD.fastq.gz,pH6_3_B_mt.fastq.gz,pH6,3,B,3300046179,Metatranscriptomic,68,pH6_3_B_mt
pH6ome_69_FD.fastq.gz,pH6_3_C_mt.fastq.gz,pH6,3,C,3300046180,Metatranscriptomic,69,pH6_3_C_mt
pH6ome_70_FD.fastq.gz,pH6_3_D_mt.fastq.gz,pH6,3,D,3300046181,Metatranscriptomic,70,pH6_3_D_mt
pH6ome_71_FD.fastq.gz,pH6_3_E_mt.fastq.gz,pH6,3,E,3300046182,Metatranscriptomic,71,pH6_3_E_mt
pH6ome_72_FD.fastq.gz,pH6_3_F_mt.fastq.gz,pH6,3,F,3300046215,Metatranscriptomic,72,pH6_3_F_mt
MESome_68_FD.fastq.gz,MES_3_A_mt.fastq.gz,MES,3,A,3300046552,Metatranscriptomic,73,MES_3_A_mt
MESome_69_FD.fastq.gz,MES_3_B_mt.fastq.gz,MES,3,B,3300047338,Metatranscriptomic,74,MES_3_B_mt
MESome_65_FD.fastq.gz,MES_3_C_mt.fastq.gz,MES,3,C,3300047614,Metatranscriptomic,75,MES_3_C_mt
MESome_66_FD.fastq.gz,MES_3_D_mt.fastq.gz,MES,3,D,3300047339,Metatranscriptomic,76,MES_3_D_mt
MESome_67_FD.fastq.gz,MES_3_F_mt.fastq.gz,MES,3,F,3300047340,Metatranscriptomic,77,MES_3_F_mt
G05ome_62_FD.fastq.gz,G05_3_A_mt.fastq.gz,G05,3,A,3300047341,Metatranscriptomic,78,G05_3_A_mt
G05ome_63_FD.fastq.gz,G05_3_B_mt.fastq.gz,G05,3,B,3300047342,Metatranscriptomic,79,G05_3_B_mt
G05ome_64_FD.fastq.gz,G05_3_C_mt.fastq.gz,G05,3,C,3300047343,Metatranscriptomic,80,G05_3_C_mt
G05ome_65_FD.fastq.gz,G05_3_D_mt.fastq.gz,G05,3,D,3300047344,Metatranscriptomic,81,G05_3_D_mt
G05ome_66_FD.fastq.gz,G05_3_E_mt.fastq.gz,G05,3,E,3300047345,Metatranscriptomic,82,G05_3_E_mt
G05ome_67_FD.fastq.gz,G05_3_F_mt.fastq.gz,G05,3,F,3300047346,Metatranscriptomic,83,G05_3_F_mt
G10ome_75_FD.fastq.gz,G10_3_A_mt.fastq.gz,G10,3,A,3300047347,Metatranscriptomic,84,G10_3_A_mt
G10ome_37_FD.fastq.gz,G10_3_B_mt.fastq.gz,G10,3,B,3300047348,Metatranscriptomic,85,G10_3_B_mt
G10ome_38_FD.fastq.gz,G10_3_C_mt.fastq.gz,G10,3,C,3300046730,Metatranscriptomic,86,G10_3_C_mt
G10ome_39_FD.fastq.gz,G10_3_D_mt.fastq.gz,G10,3,D,3300046731,Metatranscriptomic,87,G10_3_D_mt
G10ome_40_FD.fastq.gz,G10_3_E_mt.fastq.gz,G10,3,E,3300047615,Metatranscriptomic,88,G10_3_E_mt
G10ome_41_FD.fastq.gz,G10_3_F_mt.fastq.gz,G10,3,F,3300047616,Metatranscriptomic,89,G10_3_F_mt
pH8ome_37_FD.fastq.gz,pH8_3_A_mt.fastq.gz,pH8,3,A,3300047617,Metatranscriptomic,90,pH8_3_A_mt
pH8ome_38_FD.fastq.gz,pH8_3_D_mt.fastq.gz,pH8,3,D,3300047349,Metatranscriptomic,91,pH8_3_D_mt
pH8ome_39_FD.fastq.gz,pH8_3_E_mt.fastq.gz,pH8,3,E,3300047619,Metatranscriptomic,92,pH8_3_E_mt
pH8ome_40_FD.fastq.gz,pH8_3_F_mt.fastq.gz,pH8,3,F,3300046262,Metatranscriptomic,93,pH8_3_F_mt
pH1ome_38_FD.fastq.gz,pH10_3_C_mt.fastq.gz,pH10,3,C,3300046263,Metatranscriptomic,94,pH10_3_C_mt
pH1ome_37_FD.fastq.gz,pH10_3_F_mt.fastq.gz,pH10,3,F,3300046264,Metatranscriptomic,95,pH10_3_F_mt
pH6ome_42_FD.fastq.gz,pH6_4_B_mt.fastq.gz,pH6,4,B,3300046265,Metatranscriptomic,96,pH6_4_B_mt
pH6ome_43_FD.fastq.gz,pH6_4_C_mt.fastq.gz,pH6,4,C,3300046266,Metatranscriptomic,97,pH6_4_C_mt
pH6ome_44_FD.fastq.gz,pH6_4_E_mt.fastq.gz,pH6,4,E,3300046267,Metatranscriptomic,98,pH6_4_E_mt
pH6ome_45_FD.fastq.gz,pH6_4_F_mt.fastq.gz,pH6,4,F,3300046268,Metatranscriptomic,99,pH6_4_F_mt
MESome_43_FD.fastq.gz,MES_4_A_mt.fastq.gz,MES,4,A,3300046269,Metatranscriptomic,100,MES_4_A_mt
MESome_44_FD.fastq.gz,MES_4_B_mt.fastq.gz,MES,4,B,3300046270,Metatranscriptomic,101,MES_4_B_mt
MESome_45_FD.fastq.gz,MES_4_C_mt.fastq.gz,MES,4,C,3300046271,Metatranscriptomic,102,MES_4_C_mt
MESome_46_FD.fastq.gz,MES_4_F_mt.fastq.gz,MES,4,F,3300046272,Metatranscriptomic,103,MES_4_F_mt
G05ome_38_FD.fastq.gz,G05_4_B_mt.fastq.gz,G05,4,B,3300046273,Metatranscriptomic,104,G05_4_B_mt
G05ome_39_FD.fastq.gz,G05_4_C_mt.fastq.gz,G05,4,C,3300046274,Metatranscriptomic,105,G05_4_C_mt
G05ome_40_FD.fastq.gz,G05_4_D_mt.fastq.gz,G05,4,D,3300046275,Metatranscriptomic,106,G05_4_D_mt
G05ome_41_FD.fastq.gz,G05_4_E_mt.fastq.gz,G05,4,E,3300046276,Metatranscriptomic,107,G05_4_E_mt
G05ome_42_FD.fastq.gz,G05_4_F_mt.fastq.gz,G05,4,F,3300046277,Metatranscriptomic,108,G05_4_F_mt
G10ome_42_FD.fastq.gz,G10_4_A_mt.fastq.gz,G10,4,A,3300046278,Metatranscriptomic,109,G10_4_A_mt
G10ome_43_FD.fastq.gz,G10_4_B_mt.fastq.gz,G10,4,B,3300046279,Metatranscriptomic,110,G10_4_B_mt
G10ome_44_FD.fastq.gz,G10_4_C_mt.fastq.gz,G10,4,C,3300046280,Metatranscriptomic,111,G10_4_C_mt
G10ome_45_FD.fastq.gz,G10_4_D_mt.fastq.gz,G10,4,D,3300046281,Metatranscriptomic,112,G10_4_D_mt
G10ome_46_FD.fastq.gz,G10_4_E_mt.fastq.gz,G10,4,E,3300046282,Metatranscriptomic,113,G10_4_E_mt
G10ome_47_FD.fastq.gz,G10_4_F_mt.fastq.gz,G10,4,F,3300046283,Metatranscriptomic,114,G10_4_F_mt
pH8ome_41_FD.fastq.gz,pH8_4_B_mt.fastq.gz,pH8,4,B,3300046216,Metatranscriptomic,115,pH8_4_B_mt
pH8ome_42_FD.fastq.gz,pH8_4_C_mt.fastq.gz,pH8,4,C,3300046217,Metatranscriptomic,116,pH8_4_C_mt
pH8ome_43_FD.fastq.gz,pH8_4_E_mt.fastq.gz,pH8,4,E,3300046325,Metatranscriptomic,117,pH8_4_E_mt
pH8ome_44_FD.fastq.gz,pH8_4_F_mt.fastq.gz,pH8,4,F,3300046218,Metatranscriptomic,118,pH8_4_F_mt
pH1ome_39_FD.fastq.gz,pH10_4_F_mt.fastq.gz,pH10,4,F,3300046219,Metatranscriptomic,119,pH10_4_F_mt
pH6ome_46_FD.fastq.gz,pH6_5_A_mt.fastq.gz,pH6,5,A,3300046220,Metatranscriptomic,120,pH6_5_A_mt
pH6ome_47_FD.fastq.gz,pH6_5_B_mt.fastq.gz,pH6,5,B,3300046221,Metatranscriptomic,121,pH6_5_B_mt
pH6ome_48_FD.fastq.gz,pH6_5_C_mt.fastq.gz,pH6,5,C,3300046222,Metatranscriptomic,122,pH6_5_C_mt
pH6ome_49_FD.fastq.gz,pH6_5_D_mt.fastq.gz,pH6,5,D,3300046223,Metatranscriptomic,123,pH6_5_D_mt
pH6ome_50_FD.fastq.gz,pH6_5_E_mt.fastq.gz,pH6,5,E,3300046224,Metatranscriptomic,124,pH6_5_E_mt
pH6ome_51_FD.fastq.gz,pH6_5_F_mt.fastq.gz,pH6,5,F,3300046225,Metatranscriptomic,125,pH6_5_F_mt
MESome_50_FD.fastq.gz,MES_5_A_mt.fastq.gz,MES,5,A,3300046226,Metatranscriptomic,126,MES_5_A_mt
MESome_51_FD.fastq.gz,MES_5_B_mt.fastq.gz,MES,5,B,3300046227,Metatranscriptomic,127,MES_5_B_mt
MESome_52_FD.fastq.gz,MES_5_C_mt.fastq.gz,MES,5,C,3300046228,Metatranscriptomic,128,MES_5_C_mt
MESome_53_FD.fastq.gz,MES_5_D_mt.fastq.gz,MES,5,D,3300046229,Metatranscriptomic,129,MES_5_D_mt
MESome_54_FD.fastq.gz,MES_5_E_mt.fastq.gz,MES,5,E,3300046230,Metatranscriptomic,130,MES_5_E_mt
MESome_55_FD.fastq.gz,MES_5_F_mt.fastq.gz,MES,5,F,3300046231,Metatranscriptomic,131,MES_5_F_mt
G05ome_52_FD.fastq.gz,G05_5_A_mt.fastq.gz,G05,5,A,3300046232,Metatranscriptomic,132,G05_5_A_mt
G05ome_53_FD.fastq.gz,G05_5_B_mt.fastq.gz,G05,5,B,3300046233,Metatranscriptomic,133,G05_5_B_mt
G05ome_54_FD.fastq.gz,G05_5_C_mt.fastq.gz,G05,5,C,3300046234,Metatranscriptomic,134,G05_5_C_mt
G05ome_49_FD.fastq.gz,G05_5_D_mt.fastq.gz,G05,5,D,3300046235,Metatranscriptomic,135,G05_5_D_mt
G05ome_50_FD.fastq.gz,G05_5_E_mt.fastq.gz,G05,5,E,3300046236,Metatranscriptomic,136,G05_5_E_mt
G05ome_51_FD.fastq.gz,G05_5_F_mt.fastq.gz,G05,5,F,3300046237,Metatranscriptomic,137,G05_5_F_mt
G10ome_54_FD.fastq.gz,G10_5_A_mt.fastq.gz,G10,5,A,3300046238,Metatranscriptomic,138,G10_5_A_mt
G10ome_55_FD.fastq.gz,G10_5_B_mt.fastq.gz,G10,5,B,3300046307,Metatranscriptomic,139,G10_5_B_mt
G10ome_56_FD.fastq.gz,G10_5_C_mt.fastq.gz,G10,5,C,3300046308,Metatranscriptomic,140,G10_5_C_mt
G10ome_57_FD.fastq.gz,G10_5_D_mt.fastq.gz,G10,5,D,3300046309,Metatranscriptomic,141,G10_5_D_mt
G10ome_58_FD.fastq.gz,G10_5_E_mt.fastq.gz,G10,5,E,3300048525,Metatranscriptomic,142,G10_5_E_mt
G10ome_59_FD.fastq.gz,G10_5_F_mt.fastq.gz,G10,5,F,3300046310,Metatranscriptomic,143,G10_5_F_mt
pH8ome_50_FD.fastq.gz,pH8_5_A_mt.fastq.gz,pH8,5,A,3300046284,Metatranscriptomic,144,pH8_5_A_mt
pH8ome_51_FD.fastq.gz,pH8_5_B_mt.fastq.gz,pH8,5,B,3300046285,Metatranscriptomic,145,pH8_5_B_mt
pH8ome_52_FD.fastq.gz,pH8_5_C_mt.fastq.gz,pH8,5,C,3300046286,Metatranscriptomic,146,pH8_5_C_mt
pH8ome_53_FD.fastq.gz,pH8_5_D_mt.fastq.gz,pH8,5,D,3300046287,Metatranscriptomic,147,pH8_5_D_mt
pH8ome_54_FD.fastq.gz,pH8_5_E_mt.fastq.gz,pH8,5,E,3300046288,Metatranscriptomic,148,pH8_5_E_mt
pH8ome_55_FD.fastq.gz,pH8_5_F_mt.fastq.gz,pH8,5,F,3300046289,Metatranscriptomic,149,pH8_5_F_mt
pH1ome_41_FD.fastq.gz,pH10_5_A_mt.fastq.gz,pH10,5,A,3300046290,Metatranscriptomic,150,pH10_5_A_mt
pH1ome_42_FD.fastq.gz,pH10_5_B_mt.fastq.gz,pH10,5,B,3300046291,Metatranscriptomic,151,pH10_5_B_mt
pH1ome_43_FD.fastq.gz,pH10_5_C_mt.fastq.gz,pH10,5,C,3300046292,Metatranscriptomic,152,pH10_5_C_mt
pH1ome_44_FD.fastq.gz,pH10_5_D_mt.fastq.gz,pH10,5,D,3300046293,Metatranscriptomic,153,pH10_5_D_mt
pH1ome_45_FD.fastq.gz,pH10_5_E_mt.fastq.gz,pH10,5,E,3300046294,Metatranscriptomic,154,pH10_5_E_mt
pH1ome_40_FD.fastq.gz,pH10_5_F_mt.fastq.gz,pH10,5,F,3300046295,Metatranscriptomic,155,pH10_5_F_mt
pH6ome_52_FD.fastq.gz,pH6_6_A_mt.fastq.gz,pH6,6,A,3300046296,Metatranscriptomic,156,pH6_6_A_mt
pH6ome_53_FD.fastq.gz,pH6_6_B_mt.fastq.gz,pH6,6,B,3300046297,Metatranscriptomic,157,pH6_6_B_mt
pH6ome_54_FD.fastq.gz,pH6_6_C_mt.fastq.gz,pH6,6,C,3300046298,Metatranscriptomic,158,pH6_6_C_mt
pH6ome_55_FD.fastq.gz,pH6_6_D_mt.fastq.gz,pH6,6,D,3300046299,Metatranscriptomic,159,pH6_6_D_mt
pH6ome_56_FD.fastq.gz,pH6_6_E_mt.fastq.gz,pH6,6,E,3300046300,Metatranscriptomic,160,pH6_6_E_mt
pH6ome_57_FD.fastq.gz,pH6_6_F_mt.fastq.gz,pH6,6,F,3300046301,Metatranscriptomic,161,pH6_6_F_mt
MESome_56_FD.fastq.gz,MES_6_A_mt.fastq.gz,MES,6,A,3300046302,Metatranscriptomic,162,MES_6_A_mt
MESome_57_FD.fastq.gz,MES_6_B_mt.fastq.gz,MES,6,B,3300046303,Metatranscriptomic,163,MES_6_B_mt
MESome_58_FD.fastq.gz,MES_6_C_mt.fastq.gz,MES,6,C,3300046173,Metatranscriptomic,164,MES_6_C_mt
MESome_47_FD.fastq.gz,MES_6_D_mt.fastq.gz,MES,6,D,3300046172,Metatranscriptomic,165,MES_6_D_mt
MESome_48_FD.fastq.gz,MES_6_E_mt.fastq.gz,MES,6,E,3300046192,Metatranscriptomic,166,MES_6_E_mt
G05ome_43_FD.fastq.gz,G05_6_A_mt.fastq.gz,G05,6,A,3300046324,Metatranscriptomic,168,G05_6_A_mt
G05ome_44_FD.fastq.gz,G05_6_B_mt.fastq.gz,G05,6,B,3300046193,Metatranscriptomic,169,G05_6_B_mt
G05ome_45_FD.fastq.gz,G05_6_C_mt.fastq.gz,G05,6,C,3300046194,Metatranscriptomic,170,G05_6_C_mt
G05ome_46_FD.fastq.gz,G05_6_D_mt.fastq.gz,G05,6,D,3300046195,Metatranscriptomic,171,G05_6_D_mt
G05ome_47_FD.fastq.gz,G05_6_E_mt.fastq.gz,G05,6,E,3300046196,Metatranscriptomic,172,G05_6_E_mt
G05ome_48_FD.fastq.gz,G05_6_F_mt.fastq.gz,G05,6,F,3300046183,Metatranscriptomic,173,G05_6_F_mt
G10ome_53_FD.fastq.gz,G10_6_A_mt.fastq.gz,G10,6,A,3300046184,Metatranscriptomic,174,G10_6_A_mt
G10ome_48_FD.fastq.gz,G10_6_B_mt.fastq.gz,G10,6,B,3300046185,Metatranscriptomic,175,G10_6_B_mt
G10ome_49_FD.fastq.gz,G10_6_C_mt.fastq.gz,G10,6,C,3300046186,Metatranscriptomic,176,G10_6_C_mt
G10ome_50_FD.fastq.gz,G10_6_D_mt.fastq.gz,G10,6,D,3300046187,Metatranscriptomic,177,G10_6_D_mt
G10ome_51_FD.fastq.gz,G10_6_E_mt.fastq.gz,G10,6,E,3300046188,Metatranscriptomic,178,G10_6_E_mt
G10ome_52_FD.fastq.gz,G10_6_F_mt.fastq.gz,G10,6,F,3300046189,Metatranscriptomic,179,G10_6_F_mt
pH8ome_45_FD.fastq.gz,pH8_6_A_mt.fastq.gz,pH8,6,A,3300046197,Metatranscriptomic,180,pH8_6_A_mt
pH8ome_46_FD.fastq.gz,pH8_6_B_mt.fastq.gz,pH8,6,B,3300046198,Metatranscriptomic,181,pH8_6_B_mt
pH8ome_47_FD.fastq.gz,pH8_6_C_mt.fastq.gz,pH8,6,C,3300046199,Metatranscriptomic,182,pH8_6_C_mt
pH8ome_48_FD.fastq.gz,pH8_6_D_mt.fastq.gz,pH8,6,D,3300046200,Metatranscriptomic,183,pH8_6_D_mt
pH8ome_49_FD.fastq.gz,pH8_6_E_mt.fastq.gz,pH8,6,E,3300046201,Metatranscriptomic,184,pH8_6_E_mt
pH8ome_61_FD.fastq.gz,pH8_6_F_mt.fastq.gz,pH8,6,F,3300048517,Metatranscriptomic,185,pH8_6_F_mt
pH1ome_51_FD.fastq.gz,pH10_6_A_mt.fastq.gz,pH10,6,A,3300048518,Metatranscriptomic,186,pH10_6_A_mt
pH1ome_52_FD.fastq.gz,pH10_6_B_mt.fastq.gz,pH10,6,B,3300048519,Metatranscriptomic,187,pH10_6_B_mt
pH1ome_53_FD.fastq.gz,pH10_6_C_mt.fastq.gz,pH10,6,C,3300048520,Metatranscriptomic,188,pH10_6_C_mt
pH1ome_54_FD.fastq.gz,pH10_6_E_mt.fastq.gz,pH10,6,E,3300048521,Metatranscriptomic,189,pH10_6_E_mt
pH1ome_55_FD.fastq.gz,pH10_6_F_mt.fastq.gz,pH10,6,F,3300048522,Metatranscriptomic,190,pH10_6_F_mt
pH6ome_59_FD.fastq.gz,pH6_7_A_mt.fastq.gz,pH6,7,A,3300048523,Metatranscriptomic,191,pH6_7_A_mt
pH6ome_60_FD.fastq.gz,pH6_7_B_mt.fastq.gz,pH6,7,B,3300048524,Metatranscriptomic,192,pH6_7_B_mt
pH6ome_61_FD.fastq.gz,pH6_7_C_mt.fastq.gz,pH6,7,C,3300047587,Metatranscriptomic,193,pH6_7_C_mt
pH6ome_62_FD.fastq.gz,pH6_7_D_mt.fastq.gz,pH6,7,D,3300047588,Metatranscriptomic,194,pH6_7_D_mt
pH6ome_58_FD.fastq.gz,pH6_7_F_mt.fastq.gz,pH6,7,F,3300047589,Metatranscriptomic,195,pH6_7_F_mt
MESome_59_FD.fastq.gz,MES_7_A_mt.fastq.gz,MES,7,A,3300047590,Metatranscriptomic,196,MES_7_A_mt
MESome_60_FD.fastq.gz,MES_7_B_mt.fastq.gz,MES,7,B,3300047591,Metatranscriptomic,197,MES_7_B_mt
MESome_61_FD.fastq.gz,MES_7_C_mt.fastq.gz,MES,7,C,3300047592,Metatranscriptomic,198,MES_7_C_mt
MESome_62_FD.fastq.gz,MES_7_D_mt.fastq.gz,MES,7,D,3300047593,Metatranscriptomic,199,MES_7_D_mt
MESome_63_FD.fastq.gz,MES_7_E_mt.fastq.gz,MES,7,E,3300047336,Metatranscriptomic,200,MES_7_E_mt
MESome_64_FD.fastq.gz,MES_7_F_mt.fastq.gz,MES,7,F,3300047594,Metatranscriptomic,201,MES_7_F_mt
G05ome_55_FD.fastq.gz,G05_7_A_mt.fastq.gz,G05,7,A,3300047595,Metatranscriptomic,202,G05_7_A_mt
G05ome_56_FD.fastq.gz,G05_7_B_mt.fastq.gz,G05,7,B,3300047337,Metatranscriptomic,203,G05_7_B_mt
G05ome_57_FD.fastq.gz,G05_7_C_mt.fastq.gz,G05,7,C,3300047596,Metatranscriptomic,204,G05_7_C_mt
G10ome_60_FD.fastq.gz,G10_7_B_mt.fastq.gz,G10,7,B,3300047597,Metatranscriptomic,205,G10_7_B_mt
G10ome_61_FD.fastq.gz,G10_7_C_mt.fastq.gz,G10,7,C,3300047598,Metatranscriptomic,206,G10_7_C_mt
G10ome_62_FD.fastq.gz,G10_7_E_mt.fastq.gz,G10,7,E,3300047599,Metatranscriptomic,207,G10_7_E_mt
G10ome_63_FD.fastq.gz,G10_7_F_mt.fastq.gz,G10,7,F,3300047600,Metatranscriptomic,208,G10_7_F_mt
pH8ome_56_FD.fastq.gz,pH8_7_A_mt.fastq.gz,pH8,7,A,3300047601,Metatranscriptomic,209,pH8_7_A_mt
pH8ome_57_FD.fastq.gz,pH8_7_B_mt.fastq.gz,pH8,7,B,3300047602,Metatranscriptomic,210,pH8_7_B_mt
pH8ome_58_FD.fastq.gz,pH8_7_C_mt.fastq.gz,pH8,7,C,3300047603,Metatranscriptomic,211,pH8_7_C_mt
pH8ome_59_FD.fastq.gz,pH8_7_D_mt.fastq.gz,pH8,7,D,3300047604,Metatranscriptomic,212,pH8_7_D_mt
pH8ome_60_FD.fastq.gz,pH8_7_F_mt.fastq.gz,pH8,7,F,3300047605,Metatranscriptomic,213,pH8_7_F_mt
pH1ome_50_FD.fastq.gz,pH10_7_B_mt.fastq.gz,pH10,7,B,3300047606,Metatranscriptomic,214,pH10_7_B_mt
pH1ome_46_FD.fastq.gz,pH10_7_C_mt.fastq.gz,pH10,7,C,3300047607,Metatranscriptomic,215,pH10_7_C_mt
pH1ome_47_FD.fastq.gz,pH10_7_D_mt.fastq.gz,pH10,7,D,3300047608,Metatranscriptomic,216,pH10_7_D_mt
pH1ome_48_FD.fastq.gz,pH10_7_E_mt.fastq.gz,pH10,7,E,3300047609,Metatranscriptomic,217,pH10_7_E_mt
pH1ome_49_FD.fastq.gz,pH10_7_F_mt.fastq.gz,pH10,7,F,3300047610,Metatranscriptomic,218,pH10_7_F_mt
pH6ome_18_FD.fastq.gz,pH6_1_A_mg.fastq.gz,pH6,1,A,3300047500,Metagenomic,219,pH6_1_A_mg
pH6ome_19_FD.fastq.gz,pH6_1_B_mg.fastq.gz,pH6,1,B,3300045147,Metagenomic,220,pH6_1_B_mg
pH6ome_20_FD.fastq.gz,pH6_1_C_mg.fastq.gz,pH6,1,C,3300045148,Metagenomic,221,pH6_1_C_mg
pH6ome_21_FD.fastq.gz,pH6_1_D_mg.fastq.gz,pH6,1,D,3300045191,Metagenomic,222,pH6_1_D_mg
pH6ome_22_FD.fastq.gz,pH6_1_E_mg.fastq.gz,pH6,1,E,3300045192,Metagenomic,223,pH6_1_E_mg
pH6ome_23_FD.fastq.gz,pH6_1_F_mg.fastq.gz,pH6,1,F,3300045149,Metagenomic,224,pH6_1_F_mg
MESome_23_FD.fastq.gz,MES_1_A_mg.fastq.gz,MES,1,A,3300045150,Metagenomic,225,MES_1_A_mg
MESome_24_FD.fastq.gz,MES_1_B_mg.fastq.gz,MES,1,B,3300045151,Metagenomic,226,MES_1_B_mg
MESome_19_FD.fastq.gz,MES_1_C_mg.fastq.gz,MES,1,C,3300045145,Metagenomic,227,MES_1_C_mg
MESome_20_FD.fastq.gz,MES_1_D_mg.fastq.gz,MES,1,D,3300045157,Metagenomic,228,MES_1_D_mg
MESome_21_FD.fastq.gz,MES_1_E_mg.fastq.gz,MES,1,E,3300047611,Metagenomic,229,MES_1_E_mg
MESome_22_FD.fastq.gz,MES_1_F_mg.fastq.gz,MES,1,F,3300045158,Metagenomic,230,MES_1_F_mg
G05ome_16_FD.fastq.gz,G05_1_A_mg.fastq.gz,G05,1,A,3300045159,Metagenomic,231,G05_1_A_mg
G05ome_17_FD.fastq.gz,G05_1_B_mg.fastq.gz,G05,1,B,3300045152,Metagenomic,232,G05_1_B_mg
G05ome_18_FD.fastq.gz,G05_1_C_mg.fastq.gz,G05,1,C,3300045153,Metagenomic,233,G05_1_C_mg
G05ome_19_FD.fastq.gz,G05_1_D_mg.fastq.gz,G05,1,D,3300045154,Metagenomic,234,G05_1_D_mg
G05ome_20_FD.fastq.gz,G05_1_E_mg.fastq.gz,G05,1,E,3300045187,Metagenomic,235,G05_1_E_mg
G05ome_21_FD.fastq.gz,G05_1_F_mg.fastq.gz,G05,1,F,3300047612,Metagenomic,236,G05_1_F_mg
G10ome_15_FD.fastq.gz,G10_1_A_mg.fastq.gz,G10,1,A,3300045155,Metagenomic,237,G10_1_A_mg
G10ome_16_FD.fastq.gz,G10_1_B_mg.fastq.gz,G10,1,B,3300045156,Metagenomic,238,G10_1_B_mg
G10ome_17_FD.fastq.gz,G10_1_C_mg.fastq.gz,G10,1,C,3300045188,Metagenomic,239,G10_1_C_mg
G10ome_18_FD.fastq.gz,G10_1_D_mg.fastq.gz,G10,1,D,3300045160,Metagenomic,240,G10_1_D_mg
G10ome_19_FD.fastq.gz,G10_1_E_mg.fastq.gz,G10,1,E,3300045161,Metagenomic,241,G10_1_E_mg
G10ome_20_FD.fastq.gz,G10_1_F_mg.fastq.gz,G10,1,F,3300045162,Metagenomic,242,G10_1_F_mg
pH8ome_19_FD.fastq.gz,pH8_1_A_mg.fastq.gz,pH8,1,A,3300045163,Metagenomic,243,pH8_1_A_mg
pH8ome_20_FD.fastq.gz,pH8_1_B_mg.fastq.gz,pH8,1,B,3300049631,Metagenomic,244,pH8_1_B_mg
pH8ome_21_FD.fastq.gz,pH8_1_C_mg.fastq.gz,pH8,1,C,3300045244,Metagenomic,245,pH8_1_C_mg
pH8ome_22_FD.fastq.gz,pH8_1_D_mg.fastq.gz,pH8,1,D,3300045245,Metagenomic,246,pH8_1_D_mg
pH8ome_29_FD.fastq.gz,pH8_1_E_mg.fastq.gz,pH8,1,E,3300045246,Metagenomic,247,pH8_1_E_mg
pH8ome_30_FD.fastq.gz,pH8_1_F_mg.fastq.gz,pH8,1,F,3300045247,Metagenomic,248,pH8_1_F_mg
pH1ome_27_FD.fastq.gz,pH10_1_A_mg.fastq.gz,pH10,1,A,3300045280,Metagenomic,249,pH10_1_A_mg
pH1ome_28_FD.fastq.gz,pH10_1_B_mg.fastq.gz,pH10,1,B,3300045248,Metagenomic,250,pH10_1_B_mg
pH1ome_29_FD.fastq.gz,pH10_1_C_mg.fastq.gz,pH10,1,C,3300045249,Metagenomic,251,pH10_1_C_mg
pH1ome_30_FD.fastq.gz,pH10_1_D_mg.fastq.gz,pH10,1,D,3300045281,Metagenomic,252,pH10_1_D_mg
pH1ome_19_FD.fastq.gz,pH10_1_E_mg.fastq.gz,pH10,1,E,3300045250,Metagenomic,253,pH10_1_E_mg
pH1ome_20_FD.fastq.gz,pH10_1_F_mg.fastq.gz,pH10,1,F,3300045251,Metagenomic,254,pH10_1_F_mg
pH6ome_24_FD.fastq.gz,pH6_2_A_mg.fastq.gz,pH6,2,A,3300045252,Metagenomic,255,pH6_2_A_mg
pH6ome_25_FD.fastq.gz,pH6_2_B_mg.fastq.gz,pH6,2,B,3300046019,Metagenomic,256,pH6_2_B_mg
pH6ome_26_FD.fastq.gz,pH6_2_C_mg.fastq.gz,pH6,2,C,3300045254,Metagenomic,257,pH6_2_C_mg
pH6ome_27_FD.fastq.gz,pH6_2_D_mg.fastq.gz,pH6,2,D,3300045519,Metagenomic,258,pH6_2_D_mg
pH6ome_28_FD.fastq.gz,pH6_2_E_mg.fastq.gz,pH6,2,E,3300045520,Metagenomic,259,pH6_2_E_mg
pH6ome_29_FD.fastq.gz,pH6_2_F_mg.fastq.gz,pH6,2,F,3300047620,Metagenomic,260,pH6_2_F_mg
MESome_28_FD.fastq.gz,MES_2_A_mg.fastq.gz,MES,2,A,3300045521,Metagenomic,261,MES_2_A_mg
MESome_29_FD.fastq.gz,MES_2_B_mg.fastq.gz,MES,2,B,3300045522,Metagenomic,262,MES_2_B_mg
MESome_30_FD.fastq.gz,MES_2_C_mg.fastq.gz,MES,2,C,3300045523,Metagenomic,263,MES_2_C_mg
MESome_25_FD.fastq.gz,MES_2_D_mg.fastq.gz,MES,2,D,3300045576,Metagenomic,264,MES_2_D_mg
MESome_26_FD.fastq.gz,MES_2_E_mg.fastq.gz,MES,2,E,3300045601,Metagenomic,265,MES_2_E_mg
MESome_27_FD.fastq.gz,MES_2_F_mg.fastq.gz,MES,2,F,3300045602,Metagenomic,266,MES_2_F_mg
G05ome_22_FD.fastq.gz,G05_2_A_mg.fastq.gz,G05,2,A,3300045604,Metagenomic,267,G05_2_A_mg
G05ome_23_FD.fastq.gz,G05_2_B_mg.fastq.gz,G05,2,B,3300045605,Metagenomic,268,G05_2_B_mg
G05ome_24_FD.fastq.gz,G05_2_C_mg.fastq.gz,G05,2,C,3300045606,Metagenomic,269,G05_2_C_mg
G05ome_25_FD.fastq.gz,G05_2_E_mg.fastq.gz,G05,2,E,3300045685,Metagenomic,270,G05_2_E_mg
G05ome_26_FD.fastq.gz,G05_2_F_mg.fastq.gz,G05,2,F,3300045607,Metagenomic,271,G05_2_F_mg
G10ome_21_FD.fastq.gz,G10_2_A_mg.fastq.gz,G10,2,A,3300045603,Metagenomic,272,G10_2_A_mg
G10ome_22_FD.fastq.gz,G10_2_B_mg.fastq.gz,G10,2,B,3300045686,Metagenomic,273,G10_2_B_mg
G10ome_23_FD.fastq.gz,G10_2_C_mg.fastq.gz,G10,2,C,3300045687,Metagenomic,274,G10_2_C_mg
G10ome_24_FD.fastq.gz,G10_2_D_mg.fastq.gz,G10,2,D,3300046020,Metagenomic,275,G10_2_D_mg
G10ome_25_FD.fastq.gz,G10_2_E_mg.fastq.gz,G10,2,E,3300045688,Metagenomic,276,G10_2_E_mg
G10ome_26_FD.fastq.gz,G10_2_F_mg.fastq.gz,G10,2,F,3300045689,Metagenomic,277,G10_2_F_mg
pH8ome_23_FD.fastq.gz,pH8_2_A_mg.fastq.gz,pH8,2,A,3300045690,Metagenomic,278,pH8_2_A_mg
pH8ome_24_FD.fastq.gz,pH8_2_B_mg.fastq.gz,pH8,2,B,3300045731,Metagenomic,279,pH8_2_B_mg
pH8ome_25_FD.fastq.gz,pH8_2_C_mg.fastq.gz,pH8,2,C,3300045691,Metagenomic,280,pH8_2_C_mg
pH8ome_26_FD.fastq.gz,pH8_2_D_mg.fastq.gz,pH8,2,D,3300045692,Metagenomic,281,pH8_2_D_mg
pH8ome_27_FD.fastq.gz,pH8_2_E_mg.fastq.gz,pH8,2,E,3300045732,Metagenomic,282,pH8_2_E_mg
pH8ome_28_FD.fastq.gz,pH8_2_F_mg.fastq.gz,pH8,2,F,3300045693,Metagenomic,283,pH8_2_F_mg
pH1ome_25_FD.fastq.gz,pH10_2_A_mg.fastq.gz,pH10,2,A,3300045694,Metagenomic,284,pH10_2_A_mg
pH1ome_26_FD.fastq.gz,pH10_2_B_mg.fastq.gz,pH10,2,B,3300045695,Metagenomic,285,pH10_2_B_mg
pH1ome_21_FD.fastq.gz,pH10_2_C_mg.fastq.gz,pH10,2,C,3300045808,Metagenomic,286,pH10_2_C_mg
pH1ome_22_FD.fastq.gz,pH10_2_D_mg.fastq.gz,pH10,2,D,3300045815,Metagenomic,287,pH10_2_D_mg
pH1ome_23_FD.fastq.gz,pH10_2_E_mg.fastq.gz,pH10,2,E,3300045809,Metagenomic,288,pH10_2_E_mg
pH1ome_24_FD.fastq.gz,pH10_2_F_mg.fastq.gz,pH10,2,F,3300045822,Metagenomic,289,pH10_2_F_mg
pH6ome_30_FD.fastq.gz,pH6_3_A_mg.fastq.gz,pH6,3,A,3300045810,Metagenomic,290,pH6_3_A_mg
pH6ome_31_FD.fastq.gz,pH6_3_B_mg.fastq.gz,pH6,3,B,3300046029,Metagenomic,291,pH6_3_B_mg
pH6ome_32_FD.fastq.gz,pH6_3_C_mg.fastq.gz,pH6,3,C,3300045816,Metagenomic,292,pH6_3_C_mg
pH6ome_33_FD.fastq.gz,pH6_3_D_mg.fastq.gz,pH6,3,D,3300045817,Metagenomic,293,pH6_3_D_mg
pH6ome_34_FD.fastq.gz,pH6_3_E_mg.fastq.gz,pH6,3,E,3300045818,Metagenomic,294,pH6_3_E_mg
pH6ome_35_FD.fastq.gz,pH6_3_F_mg.fastq.gz,pH6,3,F,3300045811,Metagenomic,295,pH6_3_F_mg
MESome_31_FD.fastq.gz,MES_3_A_mg.fastq.gz,MES,3,A,3300045812,Metagenomic,296,MES_3_A_mg
MESome_33_FD.fastq.gz,MES_3_B_mg.fastq.gz,MES,3,B,3300045813,Metagenomic,297,MES_3_B_mg
MESome_34_FD.fastq.gz,MES_3_C_mg.fastq.gz,MES,3,C,3300045823,Metagenomic,298,MES_3_C_mg
MESome_35_FD.fastq.gz,MES_3_D_mg.fastq.gz,MES,3,D,3300045824,Metagenomic,299,MES_3_D_mg
MESome_36_FD.fastq.gz,MES_3_E_mg.fastq.gz,MES,3,E,3300045826,Metagenomic,300,MES_3_E_mg
MESome_37_FD.fastq.gz,MES_3_F_mg.fastq.gz,MES,3,F,3300045827,Metagenomic,301,MES_3_F_mg
G05ome_33_FD.fastq.gz,G05_3_A_mg.fastq.gz,G05,3,A,3300045828,Metagenomic,302,G05_3_A_mg
G05ome_34_FD.fastq.gz,G05_3_B_mg.fastq.gz,G05,3,B,3300045829,Metagenomic,303,G05_3_B_mg
G05ome_35_FD.fastq.gz,G05_3_C_mg.fastq.gz,G05,3,C,3300045830,Metagenomic,304,G05_3_C_mg
G05ome_36_FD.fastq.gz,G05_3_D_mg.fastq.gz,G05,3,D,3300045831,Metagenomic,305,G05_3_D_mg
G05ome_37_FD.fastq.gz,G05_3_E_mg.fastq.gz,G05,3,E,3300045832,Metagenomic,306,G05_3_E_mg
G05ome_32_FD.fastq.gz,G05_3_F_mg.fastq.gz,G05,3,F,3300045833,Metagenomic,307,G05_3_F_mg
G10ome_31_FD.fastq.gz,G10_3_A_mg.fastq.gz,G10,3,A,3300045834,Metagenomic,308,G10_3_A_mg
G10ome_32_FD.fastq.gz,G10_3_B_mg.fastq.gz,G10,3,B,3300045835,Metagenomic,309,G10_3_B_mg
G10ome_33_FD.fastq.gz,G10_3_C_mg.fastq.gz,G10,3,C,3300045788,Metagenomic,310,G10_3_C_mg
G10ome_34_FD.fastq.gz,G10_3_D_mg.fastq.gz,G10,3,D,3300045172,Metagenomic,311,G10_3_D_mg
G10ome_35_FD.fastq.gz,G10_3_E_mg.fastq.gz,G10,3,E,3300048877,Metagenomic,312,G10_3_E_mg
G10ome_36_FD.fastq.gz,G10_3_F_mg.fastq.gz,G10,3,F,3300045173,Metagenomic,313,G10_3_F_mg
pH8ome_31_FD.fastq.gz,pH8_3_A_mg.fastq.gz,pH8,3,A,3300045174,Metagenomic,314,pH8_3_A_mg
pH8ome_32_FD.fastq.gz,pH8_3_B_mg.fastq.gz,pH8,3,B,3300045175,Metagenomic,315,pH8_3_B_mg
pH8ome_33_FD.fastq.gz,pH8_3_C_mg.fastq.gz,pH8,3,C,3300045176,Metagenomic,316,pH8_3_C_mg
pH8ome_34_FD.fastq.gz,pH8_3_D_mg.fastq.gz,pH8,3,D,3300045089,Metagenomic,317,pH8_3_D_mg
pH8ome_35_FD.fastq.gz,pH8_3_E_mg.fastq.gz,pH8,3,E,3300045177,Metagenomic,318,pH8_3_E_mg
pH8ome_36_FD.fastq.gz,pH8_3_F_mg.fastq.gz,pH8,3,F,3300045178,Metagenomic,319,pH8_3_F_mg
pH1ome_31_FD.fastq.gz,pH10_3_A_mg.fastq.gz,pH10,3,A,3300045179,Metagenomic,320,pH10_3_A_mg
pH1ome_32_FD.fastq.gz,pH10_3_B_mg.fastq.gz,pH10,3,B,3300045180,Metagenomic,321,pH10_3_B_mg
pH1ome_33_FD.fastq.gz,pH10_3_C_mg.fastq.gz,pH10,3,C,3300045181,Metagenomic,322,pH10_3_C_mg
pH1ome_34_FD.fastq.gz,pH10_3_D_mg.fastq.gz,pH10,3,D,3300048937,Metagenomic,323,pH10_3_D_mg
pH1ome_36_FD.fastq.gz,pH10_3_F_mg.fastq.gz,pH10,3,F,3300045190,Metagenomic,325,pH10_3_F_mg
pH6ome_41_FD.fastq.gz,pH6_4_A_mg.fastq.gz,pH6,4,A,3300045182,Metagenomic,326,pH6_4_A_mg
pH6ome_36_FD.fastq.gz,pH6_4_B_mg.fastq.gz,pH6,4,B,3300047503,Metagenomic,327,pH6_4_B_mg
pH6ome_37_FD.fastq.gz,pH6_4_C_mg.fastq.gz,pH6,4,C,3300045194,Metagenomic,328,pH6_4_C_mg
pH6ome_38_FD.fastq.gz,pH6_4_D_mg.fastq.gz,pH6,4,D,3300045196,Metagenomic,329,pH6_4_D_mg
pH6ome_39_FD.fastq.gz,pH6_4_E_mg.fastq.gz,pH6,4,E,3300048933,Metagenomic,330,pH6_4_E_mg
pH6ome_40_FD.fastq.gz,pH6_4_F_mg.fastq.gz,pH6,4,F,3300048935,Metagenomic,331,pH6_4_F_mg
MESome_38_FD.fastq.gz,MES_4_A_mg.fastq.gz,MES,4,A,3300048936,Metagenomic,332,MES_4_A_mg
MESome_39_FD.fastq.gz,MES_4_B_mg.fastq.gz,MES,4,B,3300045183,Metagenomic,333,MES_4_B_mg
MESome_40_FD.fastq.gz,MES_4_C_mg.fastq.gz,MES,4,C,3300045184,Metagenomic,334,MES_4_C_mg
MESome_41_FD.fastq.gz,MES_4_D_mg.fastq.gz,MES,4,D,3300045185,Metagenomic,335,MES_4_D_mg
MESome_42_FD.fastq.gz,MES_4_E_mg.fastq.gz,MES,4,E,3300045090,Metagenomic,336,MES_4_E_mg
MESome_32_FD.fastq.gz,MES_4_F_mg.fastq.gz,MES,4,F,3300045186,Metagenomic,337,MES_4_F_mg
G05ome_27_FD.fastq.gz,G05_4_A_mg.fastq.gz,G05,4,A,3300045197,Metagenomic,338,G05_4_A_mg
G05ome_28_FD.fastq.gz,G05_4_B_mg.fastq.gz,G05,4,B,3300045279,Metagenomic,339,G05_4_B_mg
G05ome_29_FD.fastq.gz,G05_4_D_mg.fastq.gz,G05,4,D,3300049632,Metagenomic,340,G05_4_D_mg
G05ome_30_FD.fastq.gz,G05_4_E_mg.fastq.gz,G05,4,E,3300045198,Metagenomic,341,G05_4_E_mg
G05ome_31_FD.fastq.gz,G05_4_F_mg.fastq.gz,G05,4,F,3300045199,Metagenomic,342,G05_4_F_mg
G10ome_27_FD.fastq.gz,G10_4_A_mg.fastq.gz,G10,4,A,3300045091,Metagenomic,343,G10_4_A_mg
G10ome_28_FD.fastq.gz,G10_4_B_mg.fastq.gz,G10,4,B,3300045092,Metagenomic,344,G10_4_B_mg
G10ome_29_FD.fastq.gz,G10_4_C_mg.fastq.gz,G10,4,C,3300045200,Metagenomic,345,G10_4_C_mg
G10ome_30_FD.fastq.gz,G10_4_D_mg.fastq.gz,G10,4,D,3300045195,Metagenomic,346,G10_4_D_mg
G10ome_9_FD.fastq.gz,G10_4_E_mg.fastq.gz,G10,4,E,3300045201,Metagenomic,347,G10_4_E_mg
G10ome_10_FD.fastq.gz,G10_4_F_mg.fastq.gz,G10,4,F,3300048938,Metagenomic,348,G10_4_F_mg
pH8ome_7_FD.fastq.gz,pH8_4_A_mg.fastq.gz,pH8,4,A,3300045203,Metagenomic,349,pH8_4_A_mg
pH8ome_8_FD.fastq.gz,pH8_4_B_mg.fastq.gz,pH8,4,B,3300045204,Metagenomic,350,pH8_4_B_mg
pH8ome_9_FD.fastq.gz,pH8_4_C_mg.fastq.gz,pH8,4,C,3300045202,Metagenomic,351,pH8_4_C_mg
pH8ome_10_FD.fastq.gz,pH8_4_D_mg.fastq.gz,pH8,4,D,3300045255,Metagenomic,352,pH8_4_D_mg
pH8ome_11_FD.fastq.gz,pH8_4_E_mg.fastq.gz,pH8,4,E,3300045205,Metagenomic,353,pH8_4_E_mg
pH8ome_12_FD.fastq.gz,pH8_4_F_mg.fastq.gz,pH8,4,F,3300045206,Metagenomic,354,pH8_4_F_mg
pH1ome_7_FD.fastq.gz,pH10_4_A_mg.fastq.gz,pH10,4,A,3300045207,Metagenomic,355,pH10_4_A_mg
pH1ome_8_FD.fastq.gz,pH10_4_B_mg.fastq.gz,pH10,4,B,3300045208,Metagenomic,356,pH10_4_B_mg
pH1ome_9_FD.fastq.gz,pH10_4_C_mg.fastq.gz,pH10,4,C,3300045209,Metagenomic,357,pH10_4_C_mg
pH1ome_10_FD.fastq.gz,pH10_4_D_mg.fastq.gz,pH10,4,D,3300045210,Metagenomic,358,pH10_4_D_mg
pH1ome_11_FD.fastq.gz,pH10_4_E_mg.fastq.gz,pH10,4,E,3300045211,Metagenomic,359,pH10_4_E_mg
pH1ome_12_FD.fastq.gz,pH10_4_F_mg.fastq.gz,pH10,4,F,3300045212,Metagenomic,360,pH10_4_F_mg
pH6ome_11_FD.fastq.gz,pH6_5_A_mg.fastq.gz,pH6,5,A,3300045213,Metagenomic,361,pH6_5_A_mg
pH6ome_12_FD.fastq.gz,pH6_5_B_mg.fastq.gz,pH6,5,B,3300045214,Metagenomic,362,pH6_5_B_mg
pH6ome_7_FD.fastq.gz,pH6_5_C_mg.fastq.gz,pH6,5,C,3300048934,Metagenomic,363,pH6_5_C_mg
pH6ome_8_FD.fastq.gz,pH6_5_D_mg.fastq.gz,pH6,5,D,3300049808,Metagenomic,364,pH6_5_D_mg
pH6ome_9_FD.fastq.gz,pH6_5_E_mg.fastq.gz,pH6,5,E,3300045215,Metagenomic,365,pH6_5_E_mg
pH6ome_10_FD.fastq.gz,pH6_5_F_mg.fastq.gz,pH6,5,F,3300045298,Metagenomic,366,pH6_5_F_mg
MESome_7_FD.fastq.gz,MES_5_A_mg.fastq.gz,MES,5,A,3300048932,Metagenomic,367,MES_5_A_mg
MESome_8_FD.fastq.gz,MES_5_B_mg.fastq.gz,MES,5,B,3300045216,Metagenomic,368,MES_5_B_mg
MESome_9_FD.fastq.gz,MES_5_C_mg.fastq.gz,MES,5,C,3300045217,Metagenomic,369,MES_5_C_mg
MESome_10_FD.fastq.gz,MES_5_D_mg.fastq.gz,MES,5,D,3300049633,Metagenomic,370,MES_5_D_mg
MESome_11_FD.fastq.gz,MES_5_E_mg.fastq.gz,MES,5,E,3300045218,Metagenomic,371,MES_5_E_mg
MESome_12_FD.fastq.gz,MES_5_F_mg.fastq.gz,MES,5,F,3300045219,Metagenomic,372,MES_5_F_mg
G05ome_12_FD.fastq.gz,G05_5_A_mg.fastq.gz,G05,5,A,3300045220,Metagenomic,373,G05_5_A_mg
G05ome_FD.fastq.gz,G05_5_B_mg.fastq.gz,G05,5,B,3300045221,Metagenomic,374,G05_5_B_mg
G05ome_2_FD.fastq.gz,G05_5_C_mg.fastq.gz,G05,5,C,3300045222,Metagenomic,375,G05_5_C_mg
G05ome_3_FD.fastq.gz,G05_5_D_mg.fastq.gz,G05,5,D,3300045277,Metagenomic,376,G05_5_D_mg
G05ome_4_FD.fastq.gz,G05_5_E_mg.fastq.gz,G05,5,E,3300045299,Metagenomic,377,G05_5_E_mg
G05ome_5_FD.fastq.gz,G05_5_F_mg.fastq.gz,G05,5,F,3300045223,Metagenomic,378,G05_5_F_mg
G10ome_FD.fastq.gz,G10_5_A_mg.fastq.gz,G10,5,A,3300045224,Metagenomic,379,G10_5_A_mg
G10ome_2_FD.fastq.gz,G10_5_B_mg.fastq.gz,G10,5,B,3300045225,Metagenomic,380,G10_5_B_mg
G10ome_3_FD.fastq.gz,G10_5_C_mg.fastq.gz,G10,5,C,3300045226,Metagenomic,381,G10_5_C_mg
G10ome_4_FD.fastq.gz,G10_5_D_mg.fastq.gz,G10,5,D,3300045227,Metagenomic,382,G10_5_D_mg
G10ome_5_FD.fastq.gz,G10_5_E_mg.fastq.gz,G10,5,E,3300045228,Metagenomic,383,G10_5_E_mg
G10ome_6_FD.fastq.gz,G10_5_F_mg.fastq.gz,G10,5,F,3300045229,Metagenomic,384,G10_5_F_mg
pH8ome_FD.fastq.gz,pH8_5_A_mg.fastq.gz,pH8,5,A,3300045230,Metagenomic,385,pH8_5_A_mg
pH8ome_2_FD.fastq.gz,pH8_5_B_mg.fastq.gz,pH8,5,B,3300045231,Metagenomic,386,pH8_5_B_mg
pH8ome_3_FD.fastq.gz,pH8_5_C_mg.fastq.gz,pH8,5,C,3300045232,Metagenomic,387,pH8_5_C_mg
pH8ome_4_FD.fastq.gz,pH8_5_D_mg.fastq.gz,pH8,5,D,3300047621,Metagenomic,388,pH8_5_D_mg
pH8ome_5_FD.fastq.gz,pH8_5_E_mg.fastq.gz,pH8,5,E,3300045233,Metagenomic,389,pH8_5_E_mg
pH8ome_6_FD.fastq.gz,pH8_5_F_mg.fastq.gz,pH8,5,F,3300045278,Metagenomic,390,pH8_5_F_mg
pH1ome_6_FD.fastq.gz,pH10_5_F_mg.fastq.gz,pH10,5,F,3300045239,Metagenomic,396,pH10_5_F_mg
pH6ome_FD.fastq.gz,pH6_6_A_mg.fastq.gz,pH6,6,A,3300045259,Metagenomic,397,pH6_6_A_mg
pH6ome_2_FD.fastq.gz,pH6_6_B_mg.fastq.gz,pH6,6,B,3300049634,Metagenomic,398,pH6_6_B_mg
pH6ome_4_FD.fastq.gz,pH6_6_D_mg.fastq.gz,pH6,6,D,3300049635,Metagenomic,400,pH6_6_D_mg
pH6ome_5_FD.fastq.gz,pH6_6_E_mg.fastq.gz,pH6,6,E,3300049636,Metagenomic,401,pH6_6_E_mg
pH6ome_6_FD.fastq.gz,pH6_6_F_mg.fastq.gz,pH6,6,F,3300049637,Metagenomic,402,pH6_6_F_mg
MESome_3_FD.fastq.gz,MES_6_A_mg.fastq.gz,MES,6,A,3300044913,Metagenomic,403,MES_6_A_mg
MESome_4_FD.fastq.gz,MES_6_B_mg.fastq.gz,MES,6,B,3300044914,Metagenomic,404,MES_6_B_mg
MESome_5_FD.fastq.gz,MES_6_C_mg.fastq.gz,MES,6,C,3300046130,Metagenomic,405,MES_6_C_mg
MESome_6_FD.fastq.gz,MES_6_D_mg.fastq.gz,MES,6,D,3300044923,Metagenomic,406,MES_6_D_mg
MESome_FD.fastq.gz,MES_6_E_mg.fastq.gz,MES,6,E,3300044915,Metagenomic,407,MES_6_E_mg
MESome_2_FD.fastq.gz,MES_6_F_mg.fastq.gz,MES,6,F,3300044992,Metagenomic,408,MES_6_F_mg
G05ome_6_FD.fastq.gz,G05_6_A_mg.fastq.gz,G05,6,A,3300044916,Metagenomic,409,G05_6_A_mg
G05ome_7_FD.fastq.gz,G05_6_B_mg.fastq.gz,G05,6,B,3300044917,Metagenomic,410,G05_6_B_mg
G05ome_8_FD.fastq.gz,G05_6_C_mg.fastq.gz,G05,6,C,3300044924,Metagenomic,411,G05_6_C_mg
G05ome_9_FD.fastq.gz,G05_6_D_mg.fastq.gz,G05,6,D,3300046833,Metagenomic,412,G05_6_D_mg
G05ome_10_FD.fastq.gz,G05_6_E_mg.fastq.gz,G05,6,E,3300044918,Metagenomic,413,G05_6_E_mg
G05ome_11_FD.fastq.gz,G05_6_F_mg.fastq.gz,G05,6,F,3300044919,Metagenomic,414,G05_6_F_mg
G10ome_7_FD.fastq.gz,G10_6_A_mg.fastq.gz,G10,6,A,3300044920,Metagenomic,415,G10_6_A_mg
G10ome_8_FD.fastq.gz,G10_6_B_mg.fastq.gz,G10,6,B,3300044921,Metagenomic,416,G10_6_B_mg
G10ome_11_FD.fastq.gz,G10_6_C_mg.fastq.gz,G10,6,C,3300044925,Metagenomic,417,G10_6_C_mg
G10ome_12_FD.fastq.gz,G10_6_D_mg.fastq.gz,G10,6,D,3300044926,Metagenomic,418,G10_6_D_mg
G10ome_13_FD.fastq.gz,G10_6_E_mg.fastq.gz,G10,6,E,3300044927,Metagenomic,419,G10_6_E_mg
G10ome_14_FD.fastq.gz,G10_6_F_mg.fastq.gz,G10,6,F,3300044928,Metagenomic,420,G10_6_F_mg
pH8ome_13_FD.fastq.gz,pH8_6_A_mg.fastq.gz,pH8,6,A,3300044932,Metagenomic,421,pH8_6_A_mg
pH8ome_14_FD.fastq.gz,pH8_6_B_mg.fastq.gz,pH8,6,B,3300044929,Metagenomic,422,pH8_6_B_mg
pH8ome_15_FD.fastq.gz,pH8_6_C_mg.fastq.gz,pH8,6,C,3300044933,Metagenomic,423,pH8_6_C_mg
pH8ome_16_FD.fastq.gz,pH8_6_D_mg.fastq.gz,pH8,6,D,3300044934,Metagenomic,424,pH8_6_D_mg
pH8ome_17_FD.fastq.gz,pH8_6_E_mg.fastq.gz,pH8,6,E,3300044930,Metagenomic,425,pH8_6_E_mg
pH8ome_18_FD.fastq.gz,pH8_6_F_mg.fastq.gz,pH8,6,F,3300044989,Metagenomic,426,pH8_6_F_mg
pH1ome_13_FD.fastq.gz,pH10_6_A_mg.fastq.gz,pH10,6,A,3300044931,Metagenomic,427,pH10_6_A_mg
pH1ome_14_FD.fastq.gz,pH10_6_B_mg.fastq.gz,pH10,6,B,3300044935,Metagenomic,428,pH10_6_B_mg
pH1ome_15_FD.fastq.gz,pH10_6_C_mg.fastq.gz,pH10,6,C,3300044936,Metagenomic,429,pH10_6_C_mg
pH1ome_16_FD.fastq.gz,pH10_6_D_mg.fastq.gz,pH10,6,D,3300044937,Metagenomic,430,pH10_6_D_mg
pH1ome_17_FD.fastq.gz,pH10_6_E_mg.fastq.gz,pH10,6,E,3300044938,Metagenomic,431,pH10_6_E_mg
pH1ome_18_FD.fastq.gz,pH10_6_F_mg.fastq.gz,pH10,6,F,3300045093,Metagenomic,432,pH10_6_F_mg
pH6ome_13_FD.fastq.gz,pH6_7_A_mg.fastq.gz,pH6,7,A,3300045094,Metagenomic,433,pH6_7_A_mg
pH6ome_14_FD.fastq.gz,pH6_7_B_mg.fastq.gz,pH6,7,B,3300045095,Metagenomic,434,pH6_7_B_mg
pH6ome_15_FD.fastq.gz,pH6_7_C_mg.fastq.gz,pH6,7,C,3300045096,Metagenomic,435,pH6_7_C_mg
pH6ome_16_FD.fastq.gz,pH6_7_D_mg.fastq.gz,pH6,7,D,3300045132,Metagenomic,436,pH6_7_D_mg
pH6ome_17_FD.fastq.gz,pH6_7_F_mg.fastq.gz,pH6,7,F,3300045097,Metagenomic,437,pH6_7_F_mg
MESome_13_FD.fastq.gz,MES_7_A_mg.fastq.gz,MES,7,A,3300045098,Metagenomic,438,MES_7_A_mg
MESome_14_FD.fastq.gz,MES_7_B_mg.fastq.gz,MES,7,B,3300045100,Metagenomic,439,MES_7_B_mg
MESome_15_FD.fastq.gz,MES_7_C_mg.fastq.gz,MES,7,C,3300045101,Metagenomic,440,MES_7_C_mg
MESome_16_FD.fastq.gz,MES_7_D_mg.fastq.gz,MES,7,D,3300045099,Metagenomic,441,MES_7_D_mg
MESome_17_FD.fastq.gz,MES_7_E_mg.fastq.gz,MES,7,E,3300045102,Metagenomic,442,MES_7_E_mg
MESome_18_FD.fastq.gz,MES_7_F_mg.fastq.gz,MES,7,F,3300045103,Metagenomic,443,MES_7_F_mg
G05ome_13_FD.fastq.gz,G05_7_A_mg.fastq.gz,G05,7,A,3300045104,Metagenomic,444,G05_7_A_mg
G05ome_14_FD.fastq.gz,G05_7_B_mg.fastq.gz,G05,7,B,3300045105,Metagenomic,445,G05_7_B_mg
G05ome_15_FD.fastq.gz,G05_7_C_mg.fastq.gz,G05,7,C,3300045133,Metagenomic,446,G05_7_C_mg
G10ome_64_FD.fastq.gz,G10_7_A_mg.fastq.gz,G10,7,A,3300045106,Metagenomic,447,G10_7_A_mg
G10ome_65_FD.fastq.gz,G10_7_B_mg.fastq.gz,G10,7,B,3300045134,Metagenomic,448,G10_7_B_mg
G10ome_66_FD.fastq.gz,G10_7_C_mg.fastq.gz,G10,7,C,3300045980,Metagenomic,449,G10_7_C_mg
G10ome_67_FD.fastq.gz,G10_7_E_mg.fastq.gz,G10,7,E,3300045981,Metagenomic,450,G10_7_E_mg
G10ome_68_FD.fastq.gz,G10_7_F_mg.fastq.gz,G10,7,F,3300045969,Metagenomic,451,G10_7_F_mg
pH8ome_62_FD.fastq.gz,pH8_7_A_mg.fastq.gz,pH8,7,A,3300045979,Metagenomic,452,pH8_7_A_mg
pH8ome_63_FD.fastq.gz,pH8_7_B_mg.fastq.gz,pH8,7,B,3300045164,Metagenomic,453,pH8_7_B_mg
pH8ome_64_FD.fastq.gz,pH8_7_C_mg.fastq.gz,pH8,7,C,3300045165,Metagenomic,454,pH8_7_C_mg
pH8ome_65_FD.fastq.gz,pH8_7_D_mg.fastq.gz,pH8,7,D,3300045166,Metagenomic,455,pH8_7_D_mg
pH8ome_66_FD.fastq.gz,pH8_7_F_mg.fastq.gz,pH8,7,F,3300045167,Metagenomic,456,pH8_7_F_mg
pH1ome_56_FD.fastq.gz,pH10_7_A_mg.fastq.gz,pH10,7,A,3300045168,Metagenomic,457,pH10_7_A_mg
pH1ome_57_FD.fastq.gz,pH10_7_B_mg.fastq.gz,pH10,7,B,3300045169,Metagenomic,458,pH10_7_B_mg
pH1ome_58_FD.fastq.gz,pH10_7_C_mg.fastq.gz,pH10,7,C,3300045170,Metagenomic,459,pH10_7_C_mg
pH1ome_59_FD.fastq.gz,pH10_7_D_mg.fastq.gz,pH10,7,D,3300045193,Metagenomic,460,pH10_7_D_mg
pH1ome_60_FD.fastq.gz,pH10_7_E_mg.fastq.gz,pH10,7,E,3300045189,Metagenomic,461,pH10_7_E_mg
pH1ome_61_FD.fastq.gz,pH10_7_F_mg.fastq.gz,pH10,7,F,3300045171,Metagenomic,462,pH10_7_F_mg
